"provincias_vec","wave_vec","correlation_vec_temp","p_value_vec_temp","correlation_vec_wind","p_value_vec_wind","correlation_vec_prec","p_value_vec_prec"
"alava","first",-0.466170211020687,7.09662935850484e-08,0.0731443992223448,0.425273611982694,-0.00399516407933965,0.965310292849294
"albacete","first",-0.403028530438281,4.5785810431453e-06,0.042162797537764,0.646104263345113,0.296153599775021,0.000973112190921589
"alicante","first",-0.545545015578837,9.75866209879754e-11,0.0264461307977051,0.773394057443243,0.255525401730101,0.00467342965624338
"almeria","first",-0.418895007885313,2.59618301445747e-06,0.0480254204499705,0.607116505640783,0.294863559506013,0.00124981821726285
"asturias","first",-0.386064529399671,1.22315290407544e-05,-0.222665623161401,0.0140963525354766,-0.0459999735969561,0.616362134835898
"avila","first",-0.227332902277547,0.0121544212386133,0.00738128183096467,0.935956989227824,0.239187658903409,0.00823640331411147
"badajoz","first",-0.327826323782831,0.000241950473066558,-0.0946176899304753,0.301927304852806,0.262755041517799,0.00359529677843172
"baleares","first",-0.443131150073405,5.6354080954269e-07,0.10796719797587,0.246580244776636,0.212263646848612,0.0215857915372102
"barcelona","first",-0.35189041783429,8.10612610375352e-05,-0.0746144094963262,0.417977814858206,0.056752046205619,0.538107808088567
"bizkaia","first",-0.238606313075555,0.00839867419177302,-0.162924335452035,0.0741778038241922,-0.0708204638281989,0.440168483589063
"burgos","first",-0.271483720699706,0.00270538576581983,0.145655834951487,0.112431888299166,0.255984084929082,0.00477262163645435
"caceres","first",-0.358623507291426,5.36539732213647e-05,0.04514069209167,0.622970904406437,0.304826146489782,0.000674934172962291
"cadiz","first",-0.438853615541794,4.77544350160243e-07,0.00612380929882373,0.946849747737964,0.271148106113344,0.00262769059974862
"cantabria","first",-0.308946094750923,0.00078094422287535,-0.0646379474299609,0.492517253918087,-0.173823934968822,0.0631888635227072
"castellon","first",-0.499336588533695,5.54145813495963e-09,-0.065850882970962,0.472991445665255,0.327969081408935,0.000240352751577309
"ceuta","first",-0.149649784036539,0.101359118375869,-0.0288170957349457,0.753701132764692,0.0426636374207265,0.642189047432933
"ciudadReal","first",-0.248131911275185,0.006284226022083,0.0156846636059594,0.864987379554542,0.274837706124425,0.00238224984995904
"cordoba","first",-0.378857803564702,1.82710358193505e-05,-0.0247773175821415,0.787342717734138,0.201955722268073,0.0263241822085924
"coruña","first",-0.391122977291626,9.17656618233834e-06,-0.0571421812814858,0.533581279593755,-0.0190468741092485,0.835728995845304
"cuenca","first",-0.333718958623043,0.000183561578511613,0.0407635897015619,0.65709341544973,0.342096964273506,0.000122759784965123
"gipuzkoa","first",-0.1449532881726,0.112665479998322,0.0285650613901919,0.755787248093269,-0.112231516264363,0.220346082199307
"girona","first",-0.262716318920334,0.00360041951823841,-0.0531433653386359,0.562644215494691,0.0634093303479559,0.489591722846839
"granada","first",-0.409844186750097,1.05897883452682e-05,-0.246925983147895,0.00998656233633299,0.385896233120693,3.71335407318152e-05
"guadalajara","first",-0.332362653398516,0.000195705682002506,0.0496992894733083,0.588264824887983,0.188242238214675,0.038668789824022
"huelva","first",-0.498057985109459,6.14516399995921e-09,-0.0702330839786644,0.44397943435131,0.311183399820864,0.000512457220472196
"huesca","first",0.180410245347,0.144029545023523,-0.0582963712259397,0.639358968713317,0.0345706135157643,0.78121930294571
"jaen","first",-0.116700343595651,0.265275842401884,0.197680434308102,0.0575162818929235,0.195720338882823,0.0600864646426506
"laRioja","first",-0.555735645564969,6.4789423696577e-11,0.285118003755536,0.00175147145942742,0.131179182613436,0.156796581040602
"lasPalmas","first",-0.409921988199709,3.02349054574238e-06,0.0504931341224603,0.582312380339566,0.231433600057367,0.0106456726295547
"leon","first",-0.257673540576834,0.00432629936011932,-0.130115518122277,0.154890189141688,0.209025701799203,0.0213976043500346
"lleida","first",-0.0115132563877876,0.900258042699001,-0.0505120053419447,0.582171217776899,0.0754615978808731,0.410715484116633
"lugo","first",-0.355689391673551,6.23559568088492e-05,-0.00265695621295702,0.976925846067649,0.0397742281191824,0.66490830288536
"madrid","first",-0.386236322983764,1.31838033728564e-05,0.0359660358122485,0.696543528510008,0.314955874829831,0.000458903472490871
"malaga","first",-0.498586070260636,1.42250216920019e-08,-0.0608428703928535,0.51831940343558,0.292555142607282,0.0015100387053051
"melilla","first",-0.481719210919277,4.38516916415669e-08,0.0686622010231183,0.463942283119288,0.264994866116207,0.00404343517368678
"murcia","first",-0.401562717807946,4.99503456735094e-06,0.0525102285392894,0.567314019210809,0.168978989067537,0.0639078403450035
"navarra","first",-0.317053106615632,0.000442700496601517,-0.00251594294644345,0.978335277808976,0.0861595088819114,0.351490303732374
"ourense","first",-0.401923008413484,1.02160689641355e-05,-0.0084602042962205,0.92913368491294,0.0377822175507801,0.69114122965688
"palencia","first",-0.142558157883862,0.118797580679476,-0.12756956058485,0.163195809171436,0.242855282036211,0.00727504782869682
"pontevedra","first",-0.35429175697478,6.6949578084128e-05,0.0430695547530797,0.639023050739582,0.0360848964376438,0.694362539070446
"salamanca","first",-0.214906989594634,0.0179248172839641,-0.185082745824901,0.0421160291345138,0.208290046300284,0.0218702541581231
"santaCruzDeTenerife","first",-0.478230180736776,2.89666022785919e-08,0.112964960021611,0.217326131696991,0.239567292197507,0.00813193728247315
"segovia","first",-0.0838697757150166,0.621644501354309,0.292762743303086,0.0786723674898684,0.158270125106174,0.349483335055512
"sevilla","first",-0.450030448365539,2.07962291733897e-06,0.176585654091609,0.0758272836620183,0.163295384966089,0.101025071320617
"soria","first",-0.336240841683445,0.000162820227192548,-0.0560064758626438,0.541758734704828,0.202256807417773,0.0260961824697842
"tarragona","first",-0.381967988627272,1.53833838657217e-05,-0.0101762757767953,0.91179083231211,0.213148811629154,0.0189078979506029
"teruel","first",-0.411302326852597,2.77931078236715e-06,-0.108711782124537,0.235251957271292,0.0862250366522161,0.347021109807988
"toledo","first",-0.242237699015473,0.012785703140962,0.0841019236091902,0.393667724383513,0.324768697371295,0.000724421973714748
"valencia","first",0.181726383742885,0.268204215836344,0.027034194041345,0.870230832783512,-0.161415571827858,0.326247598369997
"valladolid","first",-0.199148287241165,0.028533164289408,-0.0373958711356966,0.683841115816547,0.180649570785649,0.0473826164439437
"zamora","first",-0.309545687022837,0.000550458217556165,-0.0896296365011439,0.328241766288298,0.187024138161635,0.0399686979789779
"zaragoza","first",-0.303014651441252,0.000808923692128552,-0.0894923869438327,0.333101373393347,0.160151704567449,0.0818841478799583
"alava","second",-0.309027136540272,0.00017310750504076,-0.0191760258139715,0.820174739310393,0.107534457745878,0.201126294617253
"albacete","second",-0.67326580210593,4.3597962874195e-20,-0.312195743569468,0.000155357972983679,0.0984279342830687,0.24386946689776
"alicante","second",-0.764042761293295,1.98060272006345e-28,-0.405658053403396,5.491782154441e-07,0.0677404795276574,0.423127671383583
"almeria","second",-0.475417112598624,7.35524064413019e-09,-0.365986492702486,1.47626312885636e-05,0.205018464584531,0.0179196855790321
"asturias","second",-0.660384090121989,3.87432084509829e-19,0.0852856589670801,0.312901156679417,0.166875651022008,0.0471536386013106
"avila","second",-0.553175000633641,7.81248258237486e-13,-0.126114219156345,0.133389239464348,0.236795300591744,0.00440752088419295
"badajoz","second",-0.716819135672994,7.70740687816452e-24,-0.327601876873915,6.49805369857633e-05,0.318689807130609,0.00010481295001163
"baleares","second",0.0189995369041009,0.825586006901573,0.0731237479682167,0.3957772904217,-0.101662822148274,0.237167868553038
"barcelona","second",-0.515620126720557,5.15285097944187e-11,0.00869037727571721,0.91824518894076,-0.10502309555796,0.213545165991517
"bizkaia","second",-0.291151335780343,0.000418946131451468,-0.094746761003461,0.260336261174729,0.0288785783141225,0.732066366562032
"burgos","second",-0.735442992756588,1.3289492101154e-25,-0.163011029677139,0.0517446901602985,0.152079516251126,0.0697998814727264
"caceres","second",-0.705362312229366,7.99893658153477e-23,-0.202565593200446,0.0152544541891427,0.41153760121834,3.28723624873484e-07
"cadiz","second",-0.726165870950348,1.04721326350165e-24,-0.0679790025275068,0.419833703618166,0.343046599138554,2.73797117507764e-05
"cantabria","second",-0.489928228493171,8.06718709944573e-10,-0.0624753298503529,0.463370958589696,-0.016210098771718,0.849235956462438
"castellon","second",-0.741645012448535,3.18314588197563e-26,-0.259211034217106,0.00177129995593316,0.0901125174748209,0.284479521810613
"ceuta","second",-0.705693278657865,7.48795696360723e-23,-0.173911451338906,0.0377754436877733,0.237347532455276,0.00431377037229998
"ciudadReal","second",-0.51057069022093,1.84261414315025e-10,-0.160408498587269,0.0611410008484682,0.229507327839139,0.00697971628605144
"cordoba","second",-0.769434554120706,4.82899369525445e-29,-0.410984147872287,3.76507486679042e-07,0.231079708554632,0.00566017497416217
"coruña","second",-0.463245860323267,5.6793112134551e-09,0.0011074175154163,0.989526818058529,0.302724027431177,0.000237948655532265
"cuenca","second",-0.777338545266368,3.56250011637557e-30,-0.349832516344991,1.84557123277743e-05,0.230832419950237,0.00554246324193315
"gipuzkoa","second",-0.574061877733586,6.61594360539533e-14,0.226977672070425,0.00640853717132319,0.0352682887286415,0.675818427450495
"girona","second",-0.752802234383362,6.39428145665079e-26,-0.355183434838076,2.36663188582552e-05,-0.00800588115327732,0.926573763786786
"granada","second",-0.753386014833145,3.80853794350544e-17,-0.165461153840211,0.125627480117076,0.0286546506302433,0.792195183858923
"guadalajara","second",-0.345459658765123,2.38214476150469e-05,-0.0405463570764686,0.630654209738388,0.121052628112736,0.149817657354279
"huelva","second",-0.81591468853413,1.20762116490325e-34,-0.0676554408820754,0.427053618991957,0.420584142347174,2.2935471943567e-07
"huesca","second",-0.437361587142091,4.71280311039771e-08,-0.016836120360572,0.841810746362013,0.158215181597447,0.0591229169743262
"jaen","second",-0.814227845858549,2.93941391668103e-32,-0.354657008677169,3.23498946716857e-05,0.314514182659123,0.000253623852671473
"laRioja","second",-0.536159816075091,5.16145038904905e-12,-0.19951371814158,0.0168958052836948,0.0251941405649407,0.765183211894371
"lasPalmas","second",0.35442489177062,1.508392896841e-05,0.0574439478598933,0.497116084048108,-0.0446441126045413,0.59780683572679
"leon","second",0.142321062174412,0.309347046008517,0.382342588497853,0.00472306555385837,0.19203369285638,0.168342362105626
"lleida","second",-0.248903323161206,0.00272068366609633,-0.0537039782708984,0.524105482002349,0.21888243451625,0.00862912346612946
"lugo","second",-0.478080380312762,1.55637344308902e-09,0.0275751404798992,0.743729296873261,0.184049258640408,0.0277767250478425
"madrid","second",-0.144970559999723,0.0874553179191339,-0.0555922673336548,0.514153431104962,0.0624512734484625,0.463543492357858
"malaga","second",-0.518154968200882,1.97538192490713e-10,-0.300027236197381,0.000473808890001214,0.2788289079029,0.00120587529608577
"melilla","second",-0.606164858304658,1.03934816218551e-15,-0.250188997610384,0.00258128823069434,-0.0412007272283721,0.625144430749836
"murcia","second",-0.606110052095664,1.04716379386877e-15,-0.373082632032439,4.45234720761759e-06,0.183338106262742,0.028395702908937
"navarra","second",-0.381990655618616,5.70554103056432e-06,-0.181755724099592,0.0362781450734312,0.204636904947131,0.0181388248334473
"ourense","second",-0.622271991193376,2.27170150619199e-16,0.0131197623433077,0.877728021805683,0.429317191062005,1.20435643307276e-07
"palencia","second",-0.461137670019544,6.67210258649718e-05,0.00987650454692884,0.935804951270519,0.266204528610019,0.0270411065371764
"pontevedra","second",-0.730684609876324,3.87252890871412e-25,-0.329795514678641,5.76343143673613e-05,0.28044621279303,0.000692427762258092
"salamanca","second",-0.598682296604454,3.40810793938505e-14,-0.052029872858998,0.55352006337229,0.19582383401046,0.0244312458941182
"santaCruzDeTenerife","second",-0.499294234885573,2.18820120847012e-10,-0.205326244687811,0.0138911776504888,0.298762423150582,0.000289562010191643
"segovia","second",-0.521904454147748,0.0459851650678609,-0.0512387570140702,0.85609406746021,0.105837377081997,0.707361160052178
"sevilla","second",-0.775717826710626,5.67651677818679e-29,-0.175662790958255,0.0393169872402407,0.358809077140514,1.54965408267375e-05
"soria","second",-0.547093492271303,1.55301691038133e-12,-0.099351584128001,0.237774273516902,0.165404851780755,0.0483573068673847
"tarragona","second",-0.643323110561668,5.96069212854679e-18,0.00609204105056207,0.942638461558447,0.100562267365529,0.233745003731987
"teruel","second",-0.54276431724128,2.51161882693226e-12,-0.177111633528885,0.034334788417362,0.184993874122296,0.0269723705592995
"toledo","second",-0.554429672646877,9.83986068017046e-13,-0.0773141130481973,0.362165269521795,0.272639187141596,0.00107249832182962
"valencia","second",-0.253328184935808,0.0186016251609362,-0.110120161478998,0.312810353715095,0.0212473445107204,0.846036214313747
"valladolid","second",-0.626761944226448,5.60056747105885e-17,-0.049250037309482,0.559132522268713,0.310821280427198,0.000157912737816351
"zamora","second",-0.059311812751661,0.514622176072465,0.126767541635157,0.162350848387365,0.114440886599434,0.2075261681666
"zaragoza","second",-0.692362372159364,9.96670123481538e-22,-0.293586381292249,0.000372663080254159,0.172121530953074,0.0398233370233911
"alava","third",0.00877088413338047,0.934983736118531,-0.0496592579517795,0.643975869744845,0.151232848942349,0.157153509069777
"albacete","third",-0.52845684341828,1.43318795557744e-07,-0.154409379955178,0.15329664623624,0.253153621022493,0.0179920141243515
"alicante","third",-0.347279704815442,0.000855044433417731,-0.284236577454501,0.00694446827211587,0.170937674274005,0.10923567244082
"almeria","third",0.103551376690255,0.339849832803594,-0.051275528319701,0.63717002952034,-0.0366997476679297,0.735758802919573
"asturias","third",-0.0211335213440335,0.845050713210518,-0.00108098789924399,0.992024818800094,-0.131647330198718,0.22146835893561
"avila","third",-0.362591429744704,0.000479503489701818,-0.319860706292537,0.00224608172420419,0.0463414952431813,0.66629655363099
"badajoz","third",-0.536078578544769,6.16098416125037e-08,-0.140931257940734,0.187726981453203,-0.0941639938760515,0.380087162697233
"baleares","third",-0.297730385775907,0.00484423572995436,-0.0663220822898384,0.539256927677029,0.338831167222612,0.00124156434698054
"barcelona","third",-0.252092701976465,0.0171607534310615,0.0136883064373584,0.898690580413304,-0.0684725946668466,0.523742991842023
"bizkaia","third",0.0200372906186917,0.852148453951947,-0.232703440588376,0.0281990426736321,-0.128870659176557,0.228743084298735
"burgos","third",-0.190600448324842,0.0787739966677122,-0.00543176803893415,0.960412933873614,0.103974012262788,0.34074652572352
"caceres","third",-0.514976455894612,2.42584418651681e-07,-0.182273879900797,0.0873374448545467,-0.0235359163262683,0.826705467885732
"cadiz","third",-0.245167991586928,0.0205760217467024,-0.270796818923967,0.0102663613028127,0.0222508149618646,0.836031791100447
"cantabria","third",-0.428158861139961,3.91651468927675e-05,0.0060169578673615,0.956152047341977,0.0797433046544159,0.465481164817993
"castellon","third",-0.226762260247009,0.0326020417336489,0.074267443813543,0.489132554214947,-0.0419883670122579,0.696026315862823
"ceuta","third",-0.112394497555102,0.294332193874631,0.0716479623979012,0.504626163855784,0.0797359244229665,0.45761663901601
"ciudadReal","third",-0.546206481409878,5.33655008430119e-08,-0.191572350054401,0.0772320333939395,0.0463367419026846,0.671821815655115
"cordoba","third",-0.132123596001015,0.217109723365696,0.0377055091519918,0.725731424112501,0.0690327645330578,0.520344259752811
"coruña","third",-0.221460120755889,0.0370068022690976,-0.170288064331566,0.110609256779063,-0.0153861364435067,0.886204085732524
"cuenca","third",-0.413267376026024,5.69459241016746e-05,-0.130068450856904,0.224409772613667,0.119903491380021,0.263046359856211
"gipuzkoa","third",-0.136955274691471,0.200612473193138,-0.132435671863619,0.216016056192989,0.135460144822697,0.205618377047567
"girona","third",-0.346163316341789,0.00102250032254322,-0.0895880339353019,0.409260052261513,-0.0704055321564778,0.516981307296479
"granada","third",-0.0912570757685312,0.459227310939758,-0.222719326837811,0.0679189637489277,-0.119819103434086,0.330430422685971
"guadalajara","third",-0.304299144741737,0.00374044169470073,-0.0767676113871031,0.474582882581789,0.114831070895466,0.283922596905588
"huelva","third",-0.165512845553596,0.121121443844753,0.0625920424301734,0.560084198958299,0.220736215597011,0.0376451416565713
"huesca","third",-0.430371874370817,4.38668531940311e-05,-0.221299513520575,0.0430721531328222,0.0210612762075624,0.849184912692368
"jaen","third",-0.257984818322235,0.0152351716269545,0.037632777157822,0.727763265779733,0.163600610012481,0.127746786989046
"laRioja","third",-0.415664064347849,6.23539047213583e-05,-0.195114401137157,0.0701359158387305,-0.0514919790854087,0.635747432733431
"lasPalmas","third",-0.457317300259864,6.62558676001622e-06,-0.0531015669598584,0.621146388325589,0.0839372689983403,0.434185251112509
"leon","third",0.0186813235021254,0.862051739550912,-0.198703937397408,0.0619393366307809,-0.0112283946684426,0.916824724473215
"lleida","third",-0.322706994561491,0.00204005069250451,-0.276941438750621,0.00860584085962821,0.0231511075915684,0.829495671160479
"lugo","third",-0.167285407271408,0.117133150221573,-0.0909795138035467,0.396479163968477,-0.0829834655341265,0.43944411465904
"madrid","third",-0.0966925876115207,0.390493921181825,-0.101615476791738,0.36670411752523,0.0442683209480528,0.69475170289861
"malaga","third",-0.11285506903524,0.295152134396444,-0.0921039611681855,0.393396497698816,0.0239087005565582,0.82500817268243
"melilla","third",-0.0734551836866427,0.493909780238756,-0.0210910185779967,0.84446827126773,-0.127365902071331,0.234269434244066
"murcia","third",-0.357780334301697,0.000576862083497178,-0.150606370853206,0.158899712077279,0.250600148395032,0.0178523981024728
"navarra","third",-0.419413357836539,4.29305445044863e-05,-0.20303454258929,0.0563558970626218,-0.00530949630454499,0.960614927615352
"ourense","third",-0.279231963833565,0.00922487917590976,-0.00109866886957192,0.991989735686536,-0.0586226011833619,0.591854938797011
"palencia","third",-0.069983993933649,0.601655954078117,0.503851517478887,5.5292228176085e-05,0.311122293987763,0.0174453519561514
"pontevedra","third",-0.152202051891187,0.154480236203589,-0.0186173212695718,0.862519718449258,0.0590691495162724,0.582415384201181
"salamanca","third",-0.180941514792278,0.0897146199882971,0.0616382382689414,0.566089818351555,0.033666615837656,0.754121798920284
"santaCruzDeTenerife","third",0.293296695120518,0.00527948702103972,0.125580100637355,0.240947708380656,0.104318735366456,0.330609830799765
"segovia","third",-0.197040292408665,0.314896857354577,-0.0142563400928212,0.942600656461436,0.47750370280486,0.0101805398327922
"sevilla","third",-0.063861400542771,0.561477298224323,0.0497069721127286,0.651434914282203,0.130245955797482,0.234794999222891
"soria","third",0.0830640046319936,0.438998672382186,0.0297673164323615,0.78184477790025,0.0381725899787694,0.722471127391234
"tarragona","third",-0.432790399379591,2.27690822575153e-05,0.0873042646932761,0.415909358299137,-0.0197971712437005,0.853900539809878
"teruel","third",-0.0423371215650061,0.693626762573255,0.158614682686154,0.137641739657304,0.0531892145243771,0.620569640696239
"toledo","third",-0.351615121178088,0.00228543909309032,-0.0238871731946964,0.841012843143132,0.107195332509561,0.366698871949624
"valencia","third",0.200881756794747,0.191038452748926,0.232395238259873,0.129007747601642,-0.27655506220588,0.069175293555513
"valladolid","third",-0.313865568412668,0.00274246126746855,-0.00204769142662531,0.984805358513795,0.00391523356218721,0.970952075093807
"zamora","third",-0.249400840006307,0.0184254153496927,0.00292452725493037,0.978300246692712,0.00577077569338143,0.957196322496301
"zaragoza","third",-0.319196337788596,0.00229679098371769,-0.0615478896314666,0.566660268639841,0.0568855801277053,0.596458591438954
"alava","fourth",-0.516585781234655,1.43983290403076e-08,-0.00657687180978135,0.94665264603539,-0.098659011668533,0.314333707628856
"albacete","fourth",0.326088931934659,0.000729863060243851,0.179363650531682,0.0684770540475417,0.127732143834363,0.1962969763509
"alicante","fourth",0.129919017184874,0.18438575789568,-0.0770170274041056,0.43262742343536,0.0995492683513965,0.309965400356078
"almeria","fourth",-0.695427368677132,2.57896261654141e-16,-0.171710934622166,0.0813475091922449,0.0458242361829921,0.644144411416009
"asturias","fourth",-0.528969677498159,1.53524797398123e-08,0.13758986607591,0.172220909602702,-0.178513654822744,0.0755689465205568
"avila","fourth",0.287616984645888,0.0027941108992382,-0.00109547675828942,0.991107843900482,0.132422003338504,0.176001317802853
"badajoz","fourth",-0.0478152724508968,0.626449764258788,0.0349502799044321,0.722082235916987,0.0164506059054758,0.867076988032768
"baleares","fourth",-0.311798633606087,0.00120431860745427,0.0651205596230007,0.509253515194696,0.0113592191724591,0.908438998118905
"barcelona","fourth",-0.594547360868598,1.82400156751518e-11,-0.0459214839402369,0.640191197428097,0.0622709227500792,0.525994323960086
"bizkaia","fourth",-0.305466255137318,0.00145181839066417,0.0371841249012767,0.705114393211254,-0.0319212436464842,0.745305691153357
"burgos","fourth",-0.347174730520631,0.00026625898391758,-0.0951530759308109,0.331922505444145,0.104359999398729,0.287046825900777
"caceres","fourth",-0.32196545806356,0.000763715348526806,-0.141335401850425,0.148416123592037,0.195847570801239,0.0442204502727611
"cadiz","fourth",0.199921879104432,0.039907174557111,0.0706163818464274,0.471944774122174,-0.0593275592502075,0.545774036250517
"cantabria","fourth",-0.335190766334946,0.000473614423860099,0.108684887162661,0.269753562490243,-0.108123932433654,0.27224800449477
"castellon","fourth",-0.0872784448566745,0.373663870004178,-0.190249879220265,0.0507724566193713,0.236864108624901,0.0144994598566399
"ceuta","fourth",-0.507169270637983,2.88939442090103e-08,0.199308893688633,0.0405326984188033,-0.124308648935022,0.204230113329599
"ciudadReal","fourth",0.12544578923557,0.200089087900536,0.109493388489587,0.263865990476017,0.0884382468984673,0.367322799875184
"cordoba","fourth",0.301504233017537,0.00168488491957536,0.0150126223045001,0.87860304551778,-0.0706330810300244,0.471839733924894
"coruña","fourth",-0.340791712535029,0.000350640221285945,0.00996452666153285,0.919251057267263,0.144506698727696,0.139430249859543
"cuenca","fourth",-0.0882355540341678,0.368426206264177,0.0636998034322104,0.516524038050425,0.312851449965113,0.00109393913282478
"gipuzkoa","fourth",-0.289740446521848,0.00259028276269203,0.0952383129995433,0.331487587849885,-0.0560789431664204,0.568018722079912
"girona","fourth",-0.479706349385213,2.24613591049713e-07,-0.0374491775778328,0.704480378190708,0.099735830753312,0.311403679817319
"granada","fourth",-0.066925349382908,0.503921403549447,0.0691071771693662,0.490085933789132,0.0615509932527058,0.538847779575529
"guadalajara","fourth",-0.488440129333316,1.08639313383304e-07,-0.0698798032299482,0.476590567977439,0.111117326529799,0.256805460255194
"huelva","fourth",0.465005457643672,5.8053085768759e-07,-0.186047078363437,0.0574042181009291,0.117947489430205,0.230791487420904
"huesca","fourth",-0.166044991444878,0.0953347859830864,-0.155813290693431,0.117862181231463,0.291781687165883,0.00292447664074232
"jaen","fourth",0.403407264631909,1.98115023332125e-05,0.117613983766413,0.232122040844686,0.211514057767009,0.030311269386338
"laRioja","fourth",0.132570719766987,0.17761235571325,0.0431865127501571,0.661794485953992,0.10804241015177,0.272611806543006
"lasPalmas","fourth",-0.672570288740713,5.34003693043118e-15,-0.301517841061494,0.00186800760347093,0.0241231907608643,0.807950175797462
"leon","fourth",0.154304878738284,0.284652071456839,-0.0757321062126013,0.601173267821304,0.0930324850391144,0.52048608044851
"lleida","fourth",-0.704581816995733,3.52572936822384e-17,-0.190258335464712,0.0507619853128743,0.191075236506321,0.049758794606662
"lugo","fourth",0.138937309870775,0.155495498542774,-0.0598741954387397,0.542073270954303,0.0895944425611949,0.3610676497339
"madrid","fourth",-0.494017898968397,6.66119618413892e-06,-0.151130723485845,0.195563190606364,-0.0102440936014513,0.93048977295887
"malaga","fourth",0.710122784060126,2.33074270273126e-13,0.438692813028511,5.25373442793047e-05,-0.0514052435767563,0.652771851667799
"melilla","fourth",-0.734478986848229,3.25762827563269e-19,0.101783615477095,0.299176767971099,0.0895240151897458,0.361446775996209
"murcia","fourth",-0.0886569983163118,0.368459976880746,0.10599671966107,0.281848281795196,-0.0852646299243109,0.387137499298888
"navarra","fourth",-0.00225582645727058,0.982412027146625,0.0428710522696383,0.675107066567951,0.0962466131793294,0.345804211695806
"ourense","fourth",0.0104840185917775,0.917126141693547,0.00100387366704255,0.99205062543509,0.249300103556759,0.0119344068132161
"palencia","fourth",-0.206368204332472,0.033804084859137,0.100049259727199,0.307529455268221,-0.168800966270841,0.0836764705141595
"pontevedra","fourth",-0.185735897289964,0.056622159038942,-0.0054652846877028,0.955659041507475,0.351985275531413,0.00021553024747004
"salamanca","fourth",-0.362453484380835,0.000134473053460532,-0.00787862211949566,0.936114110942291,0.229568294912337,0.0179216139913154
"santaCruzDeTenerife","fourth",-0.248293769391552,0.0102774479740064,-0.15467568072424,0.113388405168433,-0.0229918423550179,0.815031789324493
"segovia","fourth",-0.281216469403266,0.00349870974464464,0.0437516653255887,0.656086099287443,0.0847170815497786,0.387902444073446
"sevilla","fourth",0.414634685645918,1.33430151810608e-05,-0.163889099833846,0.0980871584720071,0.0795509180783669,0.424425228210129
"soria","fourth",-0.634793715562428,2.72856172669388e-13,-0.120348007009867,0.219132159781013,-0.314473755329348,0.00102699765725562
"tarragona","fourth",-0.182641227992354,0.0622050971040504,-0.032267146900549,0.743844077431967,0.0712911431484094,0.469868838220457
"teruel","fourth",0.204787205130933,0.0352229433461664,-0.245759225567029,0.0111069283927652,0.186069278469883,0.0561720172449595
"toledo","fourth",-0.137120813182461,0.197483129831149,-0.0751144015740094,0.481662157256821,0.099509398246093,0.350741626348541
"valencia","fourth",0.0490529088998113,0.620956441081533,0.0171889901467836,0.862503551990147,-0.170196934707281,0.0841095719214451
"valladolid","fourth",0.181779695994333,0.06219327947919,-0.107084014997974,0.274582537095128,0.121163997281164,0.216000726817559
"zamora","fourth",-0.251352448852696,0.00934917705970057,-0.132198705210298,0.176737732594023,0.187447412977449,0.0543422693201838
"zaragoza","fourth",0.260674803006056,0.00752623900199095,-0.102976669419536,0.298230244183864,0.273552376777512,0.00495746259600655
"alava","fifth",-0.156090673676344,0.12482884937944,0.0368803706376343,0.718446840992073,-0.198867669814046,0.0496363212593728
"albacete","fifth",-0.163661242176454,0.107342560582491,-0.181433299288082,0.0737883901423518,-0.140718007579175,0.166956000175451
"alicante","fifth",-0.532489802706154,1.66668029130999e-08,-0.246908199862195,0.0142467938009192,-0.0890377372293317,0.383288727984259
"almeria","fifth",-0.186866662276618,0.066840642106147,-0.119445894233544,0.243884396134928,-0.00933345827769926,0.927703797281912
"asturias","fifth",-0.170434407767784,0.0951056590082461,0.119340500266804,0.244303704264836,-0.246738313706987,0.0148349684590938
"avila","fifth",0.101559038887198,0.319707468537032,-0.0943552618334779,0.35540889739887,-0.142395913486268,0.161903074334975
"badajoz","fifth",-0.206582299347341,0.0412615826826995,0.0507469830866091,0.619722455410777,0.164186326352149,0.10620445184898
"baleares","fifth",-0.384781750814604,0.000128555197023027,-0.292509268208024,0.00422452579233803,-0.426645380896852,1.80321669596366e-05
"barcelona","fifth",-0.480778814806739,5.42615852463779e-07,-0.0740904605485701,0.468424539888025,-0.265651734046204,0.00819912243364788
"bizkaia","fifth",0.0288159904713057,0.779336623356817,0.22217175725839,0.0287290401052783,-0.273909169778686,0.00663060980389263
"burgos","fifth",-0.130757830582599,0.199370933041012,-0.181609017768198,0.0735046874812675,-0.17846356257304,0.078717765338617
"caceres","fifth",-0.151890586222904,0.135430693434781,-0.173054082227519,0.0883718148703368,0.130096471181727,0.201673247322611
"cadiz","fifth",-0.117028174784929,0.251132205932541,0.112344887157335,0.270731745995562,0.0854808675595979,0.402652592323824
"cantabria","fifth",-0.260608411974592,0.0153737078641447,-0.156437991759787,0.150323431441196,-0.241237501389032,0.0252494105726013
"castellon","fifth",-0.491801678416432,2.70812287023615e-07,-0.217072460019003,0.0317927549221805,0.0867632788934627,0.395605465410751
"ceuta","fifth",-0.281679558559795,0.00652529401417661,0.111342470300136,0.2906726073112,-0.202068136598619,0.0534032306745035
"ciudadReal","fifth",-0.208746817036163,0.0391357159146942,-0.0881382786531043,0.388131621015474,-0.0526795535151205,0.606435804564881
"cordoba","fifth",-0.0721319448538491,0.48029505238869,0.136341150552557,0.180684213351563,0.203201929918368,0.0447736178371932
"coruña","fifth",-0.0782599616249262,0.471211957038047,0.0666514642057736,0.539628897689032,-0.0264364974797685,0.807959543689248
"cuenca","fifth",-0.0376403592013651,0.712895565712481,-0.0824403554563924,0.419654023848273,-0.0718692721377057,0.481899286042898
"gipuzkoa","fifth",0.0694180528555471,0.497007060117987,0.0785662137355199,0.441907343776495,-0.292127709361372,0.00351423620599848
"girona","fifth",-0.521480812607565,4.32818061978279e-08,-0.333671801086251,0.000837947613599252,-0.306325835695734,0.00227652924294474
"granada","fifth",-0.128265675245679,0.212973443207786,-0.122640479580373,0.233894976520708,-0.262800565385811,0.00968667782266646
"guadalajara","fifth",-0.0450022345072935,0.659932466137848,-0.207852854804727,0.040002347715461,0.080719485263964,0.429457728998113
"huelva","fifth",0.00502489443026972,0.961040264190545,-0.172263927119824,0.0915558859375924,0.103625619989107,0.312454188777482
"huesca","fifth",0.0251405289151881,0.805895806003153,0.0794340403619165,0.436865524703095,-0.109669781906333,0.282378296193037
"jaen","fifth",-0.133416248267524,0.190307195403637,-0.176183589841817,0.0826783787941513,0.0696106555053054,0.495811055553345
"laRioja","fifth",-0.331261673713308,0.000862724473913636,-0.332690976219243,0.000816628564302725,-0.0947684863305244,0.353296438986031
"lasPalmas","fifth",-0.557158110208214,3.08412097398186e-09,-0.272463566610039,0.00693496571664436,-0.024344660739322,0.812894257105407
"leon","fifth",-0.158697269779412,0.118577037957076,-0.174505899169349,0.0856930366266355,0.178573209008158,0.0785311930429466
"lleida","fifth",-0.438422357279208,6.32433431742496e-06,-0.256077283620198,0.010924713568745,-0.0944270652408334,0.355041266886169
"lugo","fifth",-0.0966793767521047,0.361952364760299,0.14133925276445,0.181427902852305,-0.0463131354397854,0.662890551140758
"madrid","fifth",-0.0635902336807254,0.536048845101342,-0.0237190645976393,0.817617997515314,-0.0331969497520555,0.746844792631407
"malaga","fifth",0.0686363212345299,0.504124341192338,0.139198982295159,0.173890461195992,0.0946126571294322,0.35662417341426
"melilla","fifth",-0.508296491145806,9.13608945778024e-08,-0.00815285741663754,0.936495792945048,-0.255415828139902,0.011139359947103
"murcia","fifth",-0.629577701143972,3.81223390224477e-12,-0.117330185045772,0.24990264436547,0.0497143306559296,0.626872864957684
"navarra","fifth",-0.0945751526750168,0.361954536618772,-0.239057158836714,0.0196412008798162,-0.219557936563192,0.0325317492405744
"ourense","fifth",-0.0911464200925072,0.392892176714733,0.0263080489622044,0.805578573683921,-0.00353472133865922,0.973623021545391
"palencia","fifth",0.0618051368607805,0.545466222306692,-0.151644737608885,0.13607184219028,-0.144380889180055,0.156073192740762
"pontevedra","fifth",-0.0399237207970087,0.696307784675116,0.0602686213812706,0.555519153030219,0.112549163975581,0.269855907361029
"salamanca","fifth",-0.0669655694614032,0.512367582668529,-0.0369506599697345,0.717932798739067,0.0288627323199261,0.777852102439339
"santaCruzDeTenerife","fifth",-0.369698617774331,0.000179306913202411,-0.272960833361217,0.0065410639980514,-0.0637682680957827,0.532752758234721
"segovia","fifth",0.157784830521509,0.122699605911736,0.150896828062169,0.140116476577859,-0.0755815849202328,0.461855082147054
"sevilla","fifth",0.0256461589323417,0.804111848785311,0.0613448821614905,0.552685541130748,0.16613867445219,0.105714193029116
"soria","fifth",-0.067073696783166,0.511685257837739,-0.196824437519387,0.0520754971845062,-0.190041396417673,0.0608898074680932
"tarragona","fifth",-0.444269434825435,4.5935458649474e-06,-0.269784494407906,0.00722115970213165,-0.249052849185103,0.0133998062358765
"teruel","fifth",-0.301526924727193,0.00255105165032007,-0.21284676573063,0.0353595932447877,-0.231857273523177,0.0216062745263957
"toledo","fifth",-0.0599074151485696,0.604770632450957,-0.201787161008207,0.0784306661424615,0.171347510902871,0.136219191126268
"valencia","fifth",-0.406728068596584,3.56383304092171e-05,-0.0903314799688241,0.378897569368555,-0.209580684929278,0.0393686530633703
"valladolid","fifth",-0.0409477210708732,0.68891442839516,-0.149659910552684,0.141332831379671,-0.0745997328248333,0.465364258175487
"zamora","fifth",-0.224574707899848,0.0262070331182262,-0.199584295858269,0.0488034900680557,-0.0454356557920095,0.656862915539005
"zaragoza","fifth",-0.21950411182385,0.0298814564388061,-0.201244632060295,0.0469182194893668,-0.147266017761368,0.147881082288124
